window,accuracy,precision,recall,f1,roc_auc
First 14 days,0.6859947844761467,0.7966039128829826,0.5905856595511768,0.6782964010686783,0.775725375905914
First 30 days,0.7511888326430434,0.8675832127351665,0.6562671045429667,0.7472732938610159,0.8414999555819199
Full semester,0.8975302960576775,0.961372064276885,0.8513957307060755,0.9030478955007257,0.9676317330406515
